City ID,City,Country,Lat,Lng,Max Temp,Humidity,Cloudiness,Wind Speed,Current Description
0,Puerto Escondido,MX,15.85,-97.0667,77.83,69,20,0.0,few clouds
1,Vaini,TO,-21.2,-175.2,76.15,79,100,12.59,overcast clouds
2,Aljezur,PT,37.3191,-8.8033,74.41,57,6,14.47,clear sky
3,Taicheng,CN,38.731,113.228,64.11,20,0,8.14,clear sky
4,Bredasdorp,ZA,-34.5322,20.0403,69.26,51,39,11.83,scattered clouds
5,Khatanga,RU,71.9667,102.5,30.25,80,100,8.14,overcast clouds
6,Lazaro Cardenas,MX,17.9583,-102.2,76.05,84,62,3.56,broken clouds
7,Kem,RU,64.9555,34.5793,62.56,48,47,5.37,scattered clouds
8,Shanghai,CN,31.2222,121.4581,73.26,86,75,8.95,broken clouds
9,Barrow,US,71.2906,-156.7887,24.82,86,100,25.32,overcast clouds
10,Sestri Levante,IT,44.2732,9.3968,78.06,82,46,8.01,scattered clouds
11,Kodiak,US,57.79,-152.4072,54.91,54,0,8.05,clear sky
12,New Norfolk,AU,-42.7826,147.0587,47.7,80,60,1.01,broken clouds
13,Kargasok,RU,59.0556,80.8572,42.22,77,100,9.95,overcast clouds
14,Griffith,US,41.5284,-87.4237,66.27,61,100,4.61,overcast clouds
15,Cape Town,ZA,-33.9258,18.4232,75.11,46,43,3.0,scattered clouds
16,Yuanping,CN,38.7153,112.7575,69.4,16,0,6.22,clear sky
17,Sovetskiy,RU,61.3614,63.5842,58.44,23,18,3.74,few clouds
18,Victoria,HK,22.2855,114.1577,87.19,84,100,11.01,overcast clouds
19,Hamilton,US,39.1834,-84.5333,70.0,63,0,8.05,clear sky
20,Port Alfred,ZA,-33.5906,26.891,69.19,65,1,1.99,clear sky
21,East London,ZA,-33.0153,27.9116,67.14,59,40,5.75,scattered clouds
22,Tasiilaq,GL,65.6145,-37.6368,42.96,55,26,5.28,scattered clouds
23,Hermanus,ZA,-34.4187,19.2345,70.81,51,91,7.99,overcast clouds
24,San Quintin,MX,30.4833,-115.95,60.12,90,31,12.03,scattered clouds
25,Ushuaia,AR,-54.8,-68.3,42.46,61,75,25.32,broken clouds
26,Te Anau,NZ,-45.4167,167.7167,47.61,92,96,1.88,overcast clouds
27,Bluff,NZ,-46.6,168.3333,46.8,87,9,8.52,clear sky
28,Puerto Ayora,EC,-0.7393,-90.3518,72.55,94,93,3.0,overcast clouds
29,Busselton,AU,-33.65,115.3333,56.95,68,100,8.68,overcast clouds
30,Ilulissat,GL,69.2167,-51.1,39.22,52,20,16.11,few clouds
31,Lorengau,PG,-2.0226,147.2712,80.49,72,6,5.19,clear sky
32,Pisco,PE,-13.7,-76.2167,62.02,91,100,4.32,overcast clouds
33,Hofn,IS,64.2539,-15.2082,53.62,76,40,16.11,scattered clouds
34,Lieto,FI,60.5103,22.4618,66.29,60,75,9.22,broken clouds
35,Torbay,CA,47.6666,-52.7314,51.89,78,97,14.0,overcast clouds
36,Priladozhskiy,RU,59.85,31.4833,57.52,1,98,7.4,overcast clouds
37,Avarua,CK,-21.2078,-159.775,73.45,100,25,3.44,scattered clouds
38,Adamovka,RU,51.5223,59.9396,69.8,62,98,7.63,overcast clouds
39,Hilo,US,19.7297,-155.09,75.27,97,100,3.44,light rain
40,Cairns,AU,-16.9167,145.7667,75.07,93,79,8.05,broken clouds
41,Marsh Harbour,BS,26.5412,-77.0636,79.3,78,39,19.93,scattered clouds
42,Nedjo,ET,9.5046,35.5019,67.37,78,86,2.51,moderate rain
43,Severomuysk,RU,56.1481,113.4267,46.29,89,100,3.69,light rain
44,Rikitea,PF,-23.1203,-134.9692,74.93,72,0,13.51,clear sky
45,Mataura,NZ,-46.1927,168.8643,46.47,96,12,3.13,few clouds
46,Dunedin,NZ,-45.8742,170.5036,48.79,70,100,3.0,overcast clouds
47,Sao Joao Da Barra,BR,-21.6403,-41.0511,69.89,57,93,8.5,overcast clouds
48,Grindavik,IS,63.8424,-22.4338,46.87,81,100,12.66,light rain
49,Bac Lieu,VN,9.285,105.7244,83.71,77,10,7.0,clear sky
50,Ocampo,MX,21.65,-101.5,59.83,64,91,0.22,overcast clouds
51,Punta Arenas,CL,-53.15,-70.9167,39.31,52,0,12.66,clear sky
52,Hobyo,SO,5.3505,48.5268,81.88,72,14,26.57,few clouds
53,Yellowknife,CA,62.456,-114.3525,59.56,44,100,13.0,overcast clouds
54,Nikolskoye,RU,59.7035,30.7861,65.88,45,100,10.83,overcast clouds
55,Qaanaaq,GL,77.484,-69.3632,28.65,72,5,5.84,clear sky
56,Georgetown,MY,5.4112,100.3354,84.13,74,20,0.0,light rain
57,Forestville,US,38.8451,-76.875,70.57,45,20,12.66,few clouds
58,Faanui,PF,-16.4833,-151.75,79.23,76,85,10.74,light rain
59,Saint-Philippe,RE,-21.3585,55.7679,76.59,78,6,14.61,light rain
60,Tazovskiy,RU,67.4667,78.7,41.63,47,100,9.28,overcast clouds
61,Tuktoyaktuk,CA,69.4541,-133.0374,29.62,76,100,7.65,overcast clouds
62,Havre-Saint-Pierre,CA,50.2334,-63.5986,49.62,65,8,6.58,clear sky
63,Kapaa,US,22.0752,-159.319,71.92,92,100,8.05,overcast clouds
64,Port Blair,IN,11.6667,92.75,80.71,82,100,11.39,overcast clouds
65,Srednekolymsk,RU,67.45,153.6833,47.84,44,100,9.48,overcast clouds
66,Pecos,US,31.4229,-103.4932,78.3,28,0,10.36,clear sky
67,Fortuna,US,40.5982,-124.1573,60.93,96,75,6.91,broken clouds
68,Mahebourg,MU,-20.4081,57.7,76.24,64,40,11.5,scattered clouds
69,Lavrentiya,RU,65.5833,-171.0,36.0,86,92,0.58,overcast clouds
70,Bethel,US,41.3712,-73.414,65.59,49,40,6.91,scattered clouds
71,Mukhen,RU,48.1,136.1,51.64,83,50,2.51,scattered clouds
72,Ileza,RU,61.0533,43.9002,62.78,60,100,3.0,overcast clouds
73,Zverinogolovskoye,RU,54.4586,64.8542,61.9,49,30,7.9,scattered clouds
74,Pevek,RU,69.7008,170.3133,27.79,96,97,6.24,overcast clouds
75,Raga,SS,8.4596,25.678,95.77,29,99,5.5,overcast clouds
76,Bara,NG,10.3744,10.7288,89.26,40,100,6.04,overcast clouds
77,Butaritari,KI,3.0707,172.7902,81.23,78,25,13.4,scattered clouds
78,Bandarbeyla,SO,9.4942,50.8122,83.37,67,50,24.52,scattered clouds
79,Talnakh,RU,69.4865,88.3972,34.63,64,5,11.95,clear sky
80,Aklavik,CA,68.2191,-135.0107,30.34,78,67,5.55,broken clouds
81,Soma,TR,39.1855,27.6094,89.67,28,0,17.36,clear sky
82,Yangmei,CN,24.1023,112.5618,73.49,95,100,0.94,light rain
83,Hobart,AU,-42.8794,147.3294,48.25,73,40,17.27,scattered clouds
84,Moindou,NC,-21.6924,165.677,72.14,81,2,3.76,clear sky
85,Hillsboro,US,45.5229,-122.9898,60.28,91,100,5.75,overcast clouds
86,Aksu,CN,41.1231,80.2644,84.76,9,0,2.37,clear sky
87,Santa Maria,BR,-29.6842,-53.8069,61.0,98,100,2.71,overcast clouds
88,Maracaju,BR,-21.6144,-55.1683,75.09,53,54,10.47,broken clouds
89,Igrim,RU,63.1906,64.4162,54.14,29,0,5.39,clear sky
90,La Ronge,CA,55.1001,-105.2842,41.92,79,7,8.93,clear sky
91,Namibe,AO,-15.1961,12.1522,86.25,32,42,10.47,scattered clouds
92,Saskylakh,RU,71.9167,114.0833,41.9,64,81,17.58,broken clouds
93,Lannion,FR,48.75,-3.4167,66.74,77,75,8.05,broken clouds
94,Flinders,AU,-34.5833,150.8552,58.24,72,1,3.0,clear sky
95,Oistins,BB,13.0667,-59.5333,86.09,70,40,24.16,scattered clouds
96,Raudeberg,NO,61.9875,5.1352,50.67,73,91,14.94,overcast clouds
97,Sambava,MG,-14.2667,50.1667,77.7,67,0,14.58,clear sky
98,San Patricio,US,28.017,-97.5169,82.29,85,9,8.61,clear sky
99,Saint-Georges,GD,12.0564,-61.7485,81.84,76,34,16.67,scattered clouds
100,Presidencia Roque Saenz Pena,AR,-26.7852,-60.4388,59.41,95,100,5.64,overcast clouds
101,Amazar,RU,53.858,120.875,56.62,57,15,2.06,few clouds
102,Itarema,BR,-2.9248,-39.9167,80.15,81,18,9.37,few clouds
103,Narsaq,GL,60.9167,-46.05,59.22,31,15,1.92,few clouds
104,Nome,US,64.5011,-165.4064,48.27,49,0,11.5,clear sky
105,Conde,BR,-7.2597,-34.9075,74.66,94,100,5.75,light rain
106,Lompoc,US,34.6391,-120.4579,56.93,84,100,18.99,overcast clouds
107,Sitka,US,57.0531,-135.33,48.09,81,20,3.44,few clouds
108,Aloleng,PH,16.1307,119.7824,83.55,73,100,6.35,overcast clouds
109,Dikson,RU,73.5069,80.5464,29.98,84,12,5.46,few clouds
110,Contamana,PE,-7.3333,-75.0167,75.07,83,98,1.95,overcast clouds
111,Touros,BR,-5.1989,-35.4608,81.79,71,60,14.23,moderate rain
112,Saint Anthony,US,45.0205,-93.218,61.93,86,100,5.75,overcast clouds
113,Carnarvon,AU,-24.8667,113.6333,70.59,42,19,7.76,few clouds
114,Chegem,RU,43.2833,43.1333,57.33,78,100,3.33,moderate rain
115,Bergerac,FR,44.8333,0.5,74.77,60,100,9.22,overcast clouds
116,Hambantota,LK,6.1241,81.1185,84.54,84,20,13.8,few clouds
117,Thompson,CA,55.7435,-97.8558,42.3,87,100,5.23,overcast clouds
118,Albany,US,42.6001,-73.9662,60.58,54,100,5.82,overcast clouds
119,Kieta,PG,-6.2167,155.6333,78.8,84,100,4.88,light rain
120,Lar,IN,26.2039,83.9717,107.11,13,12,10.76,few clouds
121,Tuskegee,US,32.424,-85.6916,73.51,75,70,7.63,broken clouds
122,Castro,BR,-24.7911,-50.0119,56.89,87,100,6.22,overcast clouds
123,Atuona,PF,-9.8,-139.0333,78.03,71,37,16.2,scattered clouds
124,Taungdwingyi,MM,20.0167,95.55,85.15,63,98,11.41,overcast clouds
125,Bud,US,39.447,-86.1758,70.05,68,100,5.86,overcast clouds
126,Thinadhoo,MV,0.5333,72.9333,83.86,70,100,7.74,overcast clouds
127,Rafsanjan,IR,30.4067,55.9939,89.24,9,0,20.96,clear sky
128,Rypefjord,NO,70.6333,23.6667,54.07,47,20,3.44,few clouds
129,Saint-Joseph,RE,-21.3667,55.6167,75.58,75,17,12.84,light rain
130,Norman Wells,CA,65.282,-126.8329,43.21,71,61,1.86,broken clouds
131,Ketchikan,US,55.3422,-131.6461,54.07,82,100,5.75,overcast clouds
132,Cockburn Town,TC,21.4612,-71.1419,80.37,87,100,20.02,overcast clouds
133,Marsaxlokk,MT,35.8419,14.5431,95.61,18,0,10.36,clear sky
134,Tiksi,RU,71.6872,128.8694,40.42,90,59,2.13,broken clouds
135,Ahipara,NZ,-35.1667,173.1667,59.11,94,97,5.91,overcast clouds
136,Bengkulu,ID,-3.8004,102.2655,79.21,78,99,2.95,light rain
137,Bonavista,CA,48.6499,-53.1147,41.22,92,100,18.72,light rain
138,Ghanzi,BW,-21.5667,21.7833,71.62,19,5,13.47,clear sky
139,Northam,GB,51.0333,-4.2167,60.26,87,100,8.28,overcast clouds
140,Huarmey,PE,-10.0681,-78.1522,66.54,83,100,9.17,overcast clouds
141,Cidreira,BR,-30.1811,-50.2056,62.51,83,95,11.05,light rain
142,Rocha,UY,-34.4833,-54.3333,55.36,89,100,3.56,overcast clouds
143,Upernavik,GL,72.7868,-56.1549,28.65,50,0,6.49,clear sky
144,Velsk,RU,61.0701,42.0983,62.06,62,100,5.21,overcast clouds
145,Vieques,PR,18.425,-65.8329,87.84,62,40,6.91,scattered clouds
146,Hwange,ZW,-18.3693,26.5019,79.2,19,1,9.35,clear sky
147,Trincomalee,LK,8.5711,81.2335,86.18,64,82,17.96,broken clouds
148,Provideniya,RU,64.3833,-173.3,39.85,84,37,3.02,scattered clouds
149,Copiapo,CL,-27.3667,-70.3333,59.32,43,85,2.44,overcast clouds
150,Dingle,PH,10.9995,122.6711,76.44,92,100,2.44,overcast clouds
151,Almeirim,BR,-1.5233,-52.5817,77.67,88,96,3.42,overcast clouds
152,Half Moon Bay,US,37.4636,-122.4286,66.25,88,75,9.22,broken clouds
153,Kavieng,PG,-2.5744,150.7967,81.57,72,7,6.11,clear sky
154,Chokurdakh,RU,70.6333,147.9167,49.48,43,98,12.39,overcast clouds
155,Jamestown,US,42.097,-79.2353,63.99,46,0,5.75,clear sky
156,Vancouver,CA,49.2497,-123.1193,58.3,95,100,11.5,light rain
157,Am Timan,TD,11.0297,20.2827,98.91,26,75,1.12,broken clouds
158,Port Elizabeth,ZA,-33.918,25.5701,68.09,68,9,1.99,clear sky
159,Mathbaria,BD,22.2876,89.9593,85.84,73,9,8.61,clear sky
160,Stornoway,GB,58.2093,-6.3865,60.04,68,20,9.22,few clouds
161,Svarstad,NO,59.399,9.9698,76.26,44,7,4.0,clear sky
162,Nanortalik,GL,60.1432,-45.2371,45.09,63,100,5.37,overcast clouds
163,Luderitz,NA,-26.6481,15.1594,79.74,28,71,7.02,broken clouds
164,Port Macquarie,AU,-31.4333,152.9167,49.89,77,100,7.31,overcast clouds
165,Russell,US,32.3502,-85.1999,74.48,82,58,7.29,broken clouds
166,Bedele,ET,8.456,36.353,67.15,71,63,4.94,light rain
167,Yingcheng,CN,30.95,113.55,74.52,74,0,3.33,clear sky
168,Mont-Dore,NC,-22.2833,166.5833,73.99,99,2,3.67,clear sky
169,Saint-Francois,FR,46.4154,3.9054,63.84,82,75,14.97,broken clouds
170,Los Llanos De Aridane,ES,28.6585,-17.9182,71.35,78,20,19.57,few clouds
171,Camacha,PT,33.0833,-16.3333,67.42,64,20,12.66,few clouds
172,Nipawin,CA,53.3668,-104.0009,42.84,100,75,8.05,broken clouds
173,San Juan,AR,-31.5375,-68.5364,50.14,51,3,2.28,clear sky
174,Belyy Yar,RU,53.6039,91.3903,62.49,50,0,11.18,clear sky
175,Marawi,PH,7.9986,124.2928,69.71,95,100,5.68,overcast clouds
176,Arraial Do Cabo,BR,-22.9661,-42.0278,69.66,73,75,5.75,broken clouds
177,Bourail,NC,-21.5667,165.4833,70.05,86,0,3.49,clear sky
178,Marsa Matruh,EG,31.3525,27.2453,79.84,59,0,12.37,clear sky
179,Kloulklubed,PW,7.0419,134.2556,75.7,69,85,1.92,overcast clouds
180,Hammerfest,NO,70.6634,23.6821,54.05,47,20,3.44,few clouds
181,Aksay,RU,47.26,39.87,88.25,33,98,8.01,overcast clouds
182,Sao Filipe,CV,14.8961,-24.4956,78.75,62,2,11.72,clear sky
183,Halifax,CA,44.6453,-63.5724,57.69,88,5,4.0,clear sky
184,Severo-Kurilsk,RU,50.6789,156.125,43.63,86,89,7.7,overcast clouds
185,Nam Som,TH,17.7704,102.1895,78.85,80,100,1.81,overcast clouds
186,Viedma,AR,-40.8135,-62.9967,48.09,60,90,7.76,overcast clouds
187,Mar Del Plata,AR,-38.0023,-57.5575,51.1,92,100,3.44,fog
188,Inuvik,CA,68.3499,-133.7218,30.18,72,8,7.11,clear sky
189,Portland,US,45.5234,-122.6762,60.84,93,75,10.36,broken clouds
190,Ormara,PK,25.2088,64.6357,83.37,81,0,18.59,clear sky
191,Airai,TL,-8.9266,125.4092,59.77,95,81,2.59,broken clouds
192,Aguimes,ES,27.9054,-15.4461,73.65,57,20,28.77,few clouds
193,Sangmelima,CM,2.9333,11.9833,80.53,62,94,1.72,overcast clouds
194,Gondanglegi,ID,-7.7479,112.0132,76.48,91,100,8.55,moderate rain
195,Guerrero Negro,MX,27.9769,-114.0611,60.4,86,75,16.44,broken clouds
196,Lebu,CL,-37.6167,-73.65,53.47,96,100,13.15,overcast clouds
197,Padang,ID,-0.9492,100.3543,78.85,80,100,3.53,overcast clouds
198,Arvika,SE,59.6553,12.5852,70.41,29,8,2.13,clear sky
199,Longyearbyen,SJ,78.2186,15.6401,46.24,76,75,10.36,broken clouds
200,Marystown,CA,47.1666,-55.1483,51.85,100,16,8.99,few clouds
201,Marzuq,YE,14.4,46.4667,86.81,29,100,1.74,light rain
202,Ancud,CL,-41.8697,-73.8203,39.96,87,100,2.98,overcast clouds
203,Cabo San Lucas,MX,22.8909,-109.9124,76.51,66,0,12.19,clear sky
204,Elizabeth City,US,36.2946,-76.2511,78.82,62,0,13.8,clear sky
205,Black River,JM,18.0264,-77.8487,83.53,71,42,16.67,scattered clouds
206,Oussouye,SN,12.485,-16.5469,89.85,51,21,11.74,few clouds
207,Sioux Lookout,CA,50.1001,-91.917,50.49,58,66,2.59,broken clouds
208,Paamiut,GL,61.994,-49.6678,44.49,54,0,5.53,clear sky
209,Grand Gaube,MU,-20.0064,57.6608,76.37,61,0,7.0,clear sky
210,Surt,LY,31.2089,16.5887,81.43,51,0,11.59,clear sky
211,Kahului,US,20.8947,-156.47,74.84,78,75,6.91,broken clouds
212,Chadiza,ZM,-14.0678,32.4392,69.58,42,100,9.06,overcast clouds
213,Road Town,VG,18.4167,-64.6167,84.99,79,20,10.36,few clouds
214,Karla,EE,59.3723,24.9275,70.14,52,20,16.11,few clouds
215,Novouzensk,RU,50.4592,48.1431,81.9,38,100,4.27,overcast clouds
216,Bismarck,US,46.8083,-100.7837,56.64,66,0,3.44,clear sky
217,Luanda,AO,-8.8368,13.2343,77.0,78,0,9.22,clear sky
218,Ulaangom,MN,49.9811,92.0667,67.14,22,100,4.68,overcast clouds
219,Kruisfontein,ZA,-34.0033,24.7314,65.88,54,2,12.08,clear sky
220,Gizo,SB,-8.103,156.8419,82.54,74,100,5.86,overcast clouds
221,Warri,NG,5.5167,5.75,74.82,86,100,4.88,overcast clouds
222,Acapulco,MX,16.8634,-99.8901,80.42,83,40,3.44,scattered clouds
223,Kaeo,NZ,-35.1,173.7833,59.32,96,100,12.17,overcast clouds
224,Wewak,PG,-3.5534,143.6268,79.14,81,58,2.26,broken clouds
225,Dubbo,AU,-32.25,148.6167,51.93,82,100,14.97,overcast clouds
226,Duma,CN,34.7653,108.135,73.65,25,100,4.36,overcast clouds
227,Taltal,CL,-25.4,-70.4833,59.97,78,15,0.27,few clouds
228,Faya,SA,18.3851,42.4509,84.72,13,8,5.84,clear sky
229,Nirasaki,JP,35.7,138.45,67.89,75,100,1.86,light rain
230,Sorong,ID,-0.8833,131.25,78.06,81,100,7.63,overcast clouds
231,Lagoa,PT,39.05,-27.9833,62.92,89,100,12.48,overcast clouds
232,Richards Bay,ZA,-28.783,32.0377,68.7,78,62,13.73,light rain
233,Broken Hill,AU,-31.95,141.4333,47.64,64,0,23.06,clear sky
234,Harper,LR,4.375,-7.7169,82.33,74,100,5.88,light rain
235,Nichinan,JP,31.6,131.3667,67.68,97,100,7.74,moderate rain
236,Abu Kamal,SY,34.4506,40.9171,102.56,9,100,9.01,overcast clouds
237,Maxixe,MZ,-23.8597,35.3472,73.09,61,0,16.17,clear sky
238,Clyde River,CA,70.4692,-68.5914,30.43,93,75,9.22,broken clouds
239,Tomatlan,MX,19.9333,-105.25,70.29,91,27,1.95,scattered clouds
240,Ayr,GB,55.4627,-4.6339,66.18,45,0,11.5,clear sky
241,Poya,NC,-21.35,165.15,70.56,86,0,4.99,clear sky
242,Malpe,IN,13.35,74.7167,87.1,75,99,3.53,overcast clouds
243,Chuy,UY,-33.6971,-53.4616,57.6,93,100,3.91,overcast clouds
244,Berlevag,NO,70.8578,29.0864,46.35,76,100,14.97,overcast clouds
245,Hithadhoo,MV,-0.6,73.0833,84.43,67,87,6.31,overcast clouds
246,Kudahuvadhoo,MV,2.6708,72.8944,83.71,73,48,12.82,scattered clouds
247,Bambous Virieux,MU,-20.3428,57.7575,76.21,64,40,11.5,scattered clouds
248,Kingori,TZ,-3.2833,36.9833,76.53,48,85,7.07,overcast clouds
249,Kysyl-Syr,RU,63.8986,122.7617,62.49,57,94,4.5,overcast clouds
250,Galdar,ES,28.147,-15.6502,75.34,66,33,16.69,scattered clouds
251,Ponta Do Sol,PT,32.6667,-17.1,71.71,74,86,1.05,overcast clouds
252,Petropavlovsk-Kamchatskiy,RU,53.0452,158.6483,46.38,77,44,3.15,scattered clouds
253,Hasaki,JP,35.7333,140.8333,64.8,85,100,4.27,overcast clouds
254,Chicama,PE,-7.8447,-79.1469,59.54,83,100,6.44,overcast clouds
255,Dauphin,CA,51.1494,-100.0502,41.72,83,37,7.38,scattered clouds
256,Klaksvik,FO,62.2266,-6.589,50.92,88,85,12.71,overcast clouds
257,Turukhansk,RU,65.8167,87.9833,45.21,44,100,6.17,overcast clouds
258,Santa Isabel,BR,-23.3156,-46.2214,64.11,73,99,6.85,overcast clouds
259,Bubaque,GW,11.2833,-15.8333,80.01,81,95,10.76,overcast clouds
260,Praia,CV,14.9215,-23.5087,84.74,48,0,19.57,clear sky
261,Grand-Santi,GF,4.25,-54.3833,76.15,93,100,1.92,overcast clouds
262,Sorland,NO,67.667,12.6934,44.46,70,75,17.27,broken clouds
263,Zeya,RU,53.75,127.2667,59.47,56,6,5.06,clear sky
264,Meadow Lake,US,34.8014,-106.5436,68.4,33,10,4.9,clear sky
265,Macapa,BR,0.0389,-51.0664,79.0,80,95,5.5,overcast clouds
266,Impfondo,CG,1.6381,18.0667,88.41,52,91,2.86,overcast clouds
267,Along,IN,28.1667,94.7667,75.58,98,65,0.81,broken clouds
268,Tilichiki,RU,60.4667,166.1,42.06,89,7,6.49,clear sky
269,Ushtobe,KZ,45.2514,77.9838,76.3,21,7,13.35,clear sky
270,Oga,IT,46.4631,10.347,73.81,43,39,8.97,scattered clouds
271,El Alto,PE,-4.2714,-81.2147,64.06,69,100,7.74,overcast clouds
272,Varfurile,RO,46.3167,22.5167,80.13,50,6,8.66,clear sky
273,Umm Lajj,SA,25.0213,37.2685,86.94,56,11,9.86,few clouds
274,Empalme,MX,27.9667,-110.8167,72.91,72,0,4.56,clear sky
275,Talara,PE,-4.5772,-81.2719,66.96,82,0,24.16,clear sky
276,Kronach,DE,50.2396,11.3331,82.04,66,100,8.43,moderate rain
277,College,US,64.8569,-147.8028,53.55,44,20,10.36,few clouds
278,Kendari,ID,-3.945,122.4989,76.78,88,34,0.94,scattered clouds
279,Fairbanks,US,64.8378,-147.7164,53.56,45,20,10.36,few clouds
280,Palmer,US,42.1584,-72.3287,66.06,49,95,1.01,overcast clouds
281,Praya,CV,14.9215,-23.5087,84.74,48,0,19.57,clear sky
282,Mansa,IN,29.9833,75.3833,109.94,6,0,8.72,clear sky
283,Khorixas,NA,-20.3667,14.9667,79.75,17,100,24.99,overcast clouds
284,Tchibanga,GA,-2.85,11.0333,86.83,51,76,1.66,broken clouds
285,Yeniseysk,RU,58.4497,92.1703,51.96,61,68,0.6,broken clouds
286,Juneau,US,58.3019,-134.4197,50.22,100,75,3.44,fog
287,Hami,CN,42.8,93.45,83.17,14,8,18.25,clear sky
288,Guane,CU,22.2025,-84.0875,81.32,76,85,6.38,overcast clouds
289,Hutang,CN,31.5333,119.4833,72.0,91,59,5.17,broken clouds
290,Adrar,MR,20.5022,-10.0711,102.51,9,91,17.07,overcast clouds
291,Daru,PG,-9.0763,143.2092,77.77,88,88,3.15,overcast clouds
292,Tekeli,KZ,44.83,78.8239,62.73,65,60,4.56,broken clouds
293,Antofagasta,CL,-23.65,-70.4,66.22,58,48,0.43,scattered clouds
294,Pitimbu,BR,-7.4706,-34.8086,75.79,77,56,15.43,broken clouds
295,West Wendover,US,40.7391,-114.0733,56.41,58,0,0.0,clear sky
296,Comodoro Rivadavia,AR,-45.8667,-67.5,42.66,52,0,6.91,clear sky
297,Zhezkazgan,KZ,47.8043,67.7144,75.18,19,0,6.71,clear sky
298,Homer,US,59.6425,-151.5483,61.03,73,0,0.0,clear sky
299,At-Bashi,KG,41.1702,75.8106,65.82,29,4,4.54,clear sky
300,Leningradskiy,RU,69.3833,178.4167,28.51,88,70,3.89,broken clouds
301,Alofi,NU,-19.0595,-169.9187,78.96,78,48,9.33,light rain
302,Beisfjord,NO,68.3751,17.5988,46.04,99,100,6.55,overcast clouds
303,Ballina,AU,-28.8667,153.5667,57.78,72,36,10.09,light rain
304,Cilegon,ID,-6.0174,106.0538,79.83,83,65,4.68,heavy intensity rain
305,Christchurch,NZ,-43.5333,172.6333,55.9,85,20,9.22,light rain
306,Tuatapere,NZ,-46.1333,167.6833,46.13,91,21,5.21,few clouds
307,Obo,CF,5.3998,26.4869,86.54,49,59,4.52,broken clouds
308,Inta,RU,66.0317,60.1659,60.84,31,1,12.93,clear sky
309,Sibu,MY,2.3,111.8167,75.07,95,77,2.35,broken clouds
310,Cozumel,MX,20.5083,-86.9458,79.95,95,75,4.61,broken clouds
311,Yenisehir,TR,40.2644,29.6531,84.25,48,20,16.11,few clouds
312,Olinda,BR,-8.0089,-34.8553,82.13,69,75,11.5,broken clouds
313,Karratha,AU,-20.7377,116.8463,74.44,49,49,5.55,scattered clouds
314,Pundaguitan,PH,6.3711,126.1689,83.55,74,100,10.6,overcast clouds
315,Esperance,AU,-33.8667,121.9,49.84,66,100,9.08,overcast clouds
316,Manvi,IN,15.9833,77.05,94.87,33,95,2.84,overcast clouds
317,Tautira,PF,-17.7333,-149.15,77.83,80,99,14.09,moderate rain
318,Veraval,IN,20.9,70.3667,84.88,74,9,13.71,clear sky
319,Araouane,ML,18.9048,-3.5265,107.65,9,0,5.19,clear sky
320,Progreso,MX,21.2833,-89.6667,78.91,80,26,1.68,scattered clouds
321,Nalut,LY,30.3333,10.85,97.0,13,0,15.57,clear sky
322,Coos Bay,US,43.3665,-124.2179,58.98,99,100,8.05,mist
323,Vardo,NO,70.3705,31.1107,44.58,93,100,18.41,overcast clouds
324,Seinajoki,FI,62.7945,22.8282,59.9,48,40,11.99,scattered clouds
325,Kaniama,CD,-7.5667,24.1833,86.54,26,26,5.61,scattered clouds
326,Manokwari,ID,-0.8667,134.0833,78.96,79,20,7.85,few clouds
327,Mollendo,PE,-17.0231,-72.0147,63.27,86,100,5.55,overcast clouds
328,Geraldton,AU,-28.7667,114.6,55.81,50,88,5.75,overcast clouds
329,Vanimo,PG,-2.6741,141.3028,77.92,86,10,3.65,clear sky
330,Cap Malheureux,MU,-19.9842,57.6142,76.46,61,2,7.0,clear sky
331,Vao,NC,-22.6667,167.4833,73.15,70,92,5.84,overcast clouds
332,Librazhd,AL,41.1794,20.315,87.62,39,34,7.16,scattered clouds
333,Hokitika,NZ,-42.7167,170.9667,52.03,92,100,4.65,light rain
334,Mwinilunga,ZM,-11.7358,24.4293,75.25,26,12,7.87,few clouds
335,Markivka,UA,49.5229,39.5705,73.99,64,88,9.82,overcast clouds
336,Pokhara,NP,28.2333,83.9833,81.18,54,65,3.33,moderate rain
337,Coquimbo,CL,-29.9533,-71.3436,53.33,76,75,4.61,broken clouds
338,Muros,ES,42.7762,-9.0603,69.67,68,100,7.63,overcast clouds
339,Souillac,MU,-20.5167,57.5167,75.58,64,40,11.5,scattered clouds
340,Mount Gambier,AU,-37.8333,140.7667,48.11,81,75,20.71,light intensity shower rain
341,Dunboyne,IE,53.4,-6.4667,52.32,93,75,12.66,broken clouds
342,Ahome,MX,25.9167,-109.1833,74.37,82,0,6.53,clear sky
343,Sabuncu,AZ,40.4425,49.9481,85.75,35,0,20.71,clear sky
344,Hualmay,PE,-11.0964,-77.6139,66.13,80,92,11.45,overcast clouds
345,Plouzane,FR,48.3833,-4.6167,62.78,65,75,18.41,broken clouds
346,Taoudenni,ML,22.6783,-3.9836,113.36,7,45,7.78,scattered clouds
347,Lasa,IT,46.6166,10.7002,81.7,50,90,6.91,overcast clouds
348,Barcelona,ES,41.3888,2.159,89.83,67,0,14.97,clear sky
349,Ambon,ID,-3.6954,128.1814,81.63,74,100,3.67,overcast clouds
350,Krasavino,RU,60.9614,46.4814,64.63,65,100,4.99,overcast clouds
351,Henties Bay,NA,-22.116,14.2845,84.16,23,86,16.15,overcast clouds
352,Doha,QA,25.2867,51.5333,98.58,28,0,8.05,clear sky
353,Esna,EG,25.2934,32.554,106.57,7,87,14.74,overcast clouds
354,Hovd,MN,48.0056,91.6419,67.57,20,100,18.32,overcast clouds
355,Kostek,RU,43.3439,46.8541,86.76,26,83,10.51,broken clouds
356,Valle De Allende,MX,26.9333,-105.4,73.45,34,10,4.52,clear sky
357,Newcastle,AU,-32.9272,151.7765,52.65,79,0,8.05,clear sky
358,Fayaoue,NC,-20.65,166.5333,75.78,75,1,13.09,clear sky
359,Naryan-Mar,RU,67.6713,53.087,65.21,24,0,13.2,clear sky
360,Husavik,IS,66.0449,-17.3389,51.8,41,100,4.18,overcast clouds
361,Tall Kayf,TR,37.0833,41.0667,98.94,9,0,14.38,clear sky
362,Carutapera,BR,-1.195,-46.02,80.4,89,99,5.5,overcast clouds
363,La Roda,ES,39.2167,-2.15,81.41,21,68,7.65,broken clouds
364,Vestmannaeyjar,IS,63.4427,-20.2734,47.39,93,100,9.22,drizzle
365,Oranjemund,NA,-28.55,16.4333,81.57,21,0,10.38,clear sky
366,Brae,GB,60.3964,-1.353,53.42,75,98,0.58,overcast clouds
367,Bunol,ES,39.4167,-0.7833,89.89,14,98,9.51,overcast clouds
368,Menongue,AO,-14.6585,17.691,74.89,23,11,12.44,few clouds
369,La Peca,PE,-5.6111,-78.435,67.98,87,100,0.69,overcast clouds
370,Kyren,RU,51.6828,102.1408,56.43,74,100,3.69,overcast clouds
371,Uniao,BR,-4.5858,-42.8642,80.51,79,35,6.49,scattered clouds
372,Trairi,BR,-3.2778,-39.2689,79.25,87,17,7.27,few clouds
373,Dinghai,CN,26.2847,119.7936,73.9,95,100,20.13,light rain
374,Canete,CL,-37.8,-73.4,53.13,96,100,6.49,overcast clouds
375,Shahrud,IR,36.4182,54.9763,87.44,12,4,13.73,clear sky
376,Parkes,AU,-33.1333,148.1833,52.36,81,98,5.01,overcast clouds
377,Cayenne,GF,4.9333,-52.3333,84.24,1,75,3.44,broken clouds
378,Young,UY,-32.6833,-57.6333,54.54,82,98,1.05,overcast clouds
379,Palana,RU,59.1167,159.9667,39.36,86,99,4.5,overcast clouds
380,Roma,US,43.2128,-75.4557,61.88,63,0,1.01,clear sky
381,Xuddur,SO,4.1213,43.8894,84.94,45,99,22.37,overcast clouds
382,Sucre,BO,-19.0333,-65.2627,55.42,72,59,2.08,broken clouds
383,Hanyang,CN,32.1371,105.5126,70.59,79,90,5.82,overcast clouds
384,Tanout,NE,14.9709,8.8879,102.97,11,23,7.74,few clouds
385,Disna,BY,55.568,28.1971,67.37,49,17,9.82,few clouds
386,Washim,IN,20.1,77.15,98.89,21,88,0.87,overcast clouds
387,Ribeira Grande,PT,38.5167,-28.7,66.6,88,75,10.36,broken clouds
388,Seminole,US,28.7086,-81.2081,80.08,88,0,5.75,clear sky
389,Goba,ET,7.0167,39.9833,55.67,87,100,2.24,light rain
390,Alice Springs,AU,-23.7,133.8833,51.35,87,0,0.0,clear sky
391,Mitsamiouli,KM,-11.3847,43.2844,79.84,74,56,18.01,light rain
392,Constitucion,CL,-35.3333,-72.4167,54.7,87,100,14.32,overcast clouds
393,Ostrovnoy,RU,68.0531,39.5131,60.03,62,10,8.34,clear sky
394,Chandbali,IN,20.7833,86.7667,82.15,65,97,17.45,overcast clouds
395,Mwene-Ditu,CD,-7.0,23.45,85.53,28,6,5.97,clear sky
396,Iqaluit,CA,63.7506,-68.5145,40.69,75,14,1.99,few clouds
397,Cedar City,US,37.6775,-113.0619,62.4,36,0,8.05,clear sky
398,Paris,FR,48.8534,2.3488,74.05,75,100,17.27,overcast clouds
399,Tongchuan,CN,35.0806,109.0897,78.31,21,97,4.18,overcast clouds
400,Marang,MY,5.2056,103.2059,80.8,79,99,3.89,overcast clouds
401,Prince Rupert,CA,54.3161,-130.3201,52.54,87,100,3.33,overcast clouds
402,Rio Grande,BR,-32.035,-52.0986,60.91,86,84,8.46,broken clouds
403,Pacific Grove,US,36.6177,-121.9166,60.48,91,92,8.01,overcast clouds
404,Hutchinson,US,38.0608,-97.9298,62.55,97,0,6.91,clear sky
405,Ende,ID,-8.8432,121.6623,77.95,87,85,1.77,overcast clouds
406,Shimoda,JP,34.6667,138.95,66.11,85,100,5.97,overcast clouds
407,Fruitvale,US,39.0817,-108.4968,68.94,29,0,6.91,clear sky
408,Opuwo,NA,-18.0607,13.84,76.08,20,99,24.2,overcast clouds
409,Riberalta,BO,-10.9833,-66.1,71.8,94,75,0.0,broken clouds
410,Nanakuli,US,21.3906,-158.1547,75.15,64,0,4.61,clear sky
411,Mana,GF,5.6592,-53.7767,77.18,88,100,5.68,overcast clouds
412,Beeville,US,28.4008,-97.7483,77.63,83,40,9.22,scattered clouds
413,Seoul,KR,37.5683,126.9778,69.24,75,100,3.69,overcast clouds
414,Kulu,TR,39.0951,33.0799,82.26,30,81,8.66,broken clouds
415,West Bay,KY,19.3667,-81.4167,82.08,83,100,1.99,overcast clouds
416,Baherden,TM,38.4362,57.4316,95.58,6,0,9.01,clear sky
417,Tarbes,FR,43.25,0.1667,70.27,68,75,4.61,broken clouds
418,Quatre Cocos,MU,-20.2078,57.7625,76.08,65,0,15.26,clear sky
419,Palu,ID,-0.8917,119.8707,76.05,96,75,1.25,broken clouds
420,Port Lincoln,AU,-34.7333,135.8667,55.18,57,100,17.94,overcast clouds
421,Novochernorechenskiy,RU,56.2669,91.0828,53.49,56,100,1.48,overcast clouds
422,Mahajanga,MG,-15.7167,46.3167,80.62,54,75,11.5,broken clouds
423,Ixtapa,MX,20.7,-105.2,76.23,83,100,2.3,overcast clouds
424,Gimli,CA,50.6336,-96.9907,43.99,86,47,10.38,scattered clouds
425,Flagstaff,US,35.1981,-111.6513,57.11,41,53,4.14,broken clouds
426,Beringovskiy,RU,63.05,179.3167,42.33,78,58,5.64,broken clouds
427,Abha,SA,18.2164,42.5053,84.45,7,40,8.05,scattered clouds
428,Yulara,AU,-25.2406,130.9889,53.67,46,93,9.04,overcast clouds
429,Alvdal,NO,62.1077,10.6307,51.28,62,100,6.87,overcast clouds
430,Sant Feliu De Guixols,ES,41.7833,3.0333,83.91,50,0,11.07,clear sky
431,Xihe,CN,31.6864,113.4659,74.88,73,3,4.97,clear sky
432,Saldanha,ZA,-33.0117,17.9442,70.9,37,7,3.74,clear sky
433,Nuevitas,CU,21.5453,-77.2644,82.87,74,100,12.21,overcast clouds
434,Kerema,PG,-7.9631,145.7785,78.24,86,84,4.7,broken clouds
435,Cerrito,CO,6.8432,-72.694,56.82,82,81,2.01,broken clouds
436,Marrakesh,MA,31.6315,-8.0083,84.27,42,0,5.75,clear sky
437,Udomlya,RU,57.8794,34.9925,61.61,66,29,10.13,light rain
438,Jaque,PA,7.5175,-78.1703,79.68,83,96,4.83,light rain
439,Bereda,ES,43.2686,-7.5406,76.41,39,100,5.48,overcast clouds
440,Nizhniy Kuranakh,RU,58.8353,125.4869,64.0,59,94,2.95,overcast clouds
441,Burnie,AU,-41.0667,145.9167,49.41,81,30,15.28,scattered clouds
442,Simbahan,PH,6.3032,120.5836,82.15,76,100,8.25,overcast clouds
443,Valleyview,CA,55.0667,-117.2859,55.36,68,100,12.97,overcast clouds
444,Lloydminster,CA,53.2835,-110.0016,48.33,74,100,12.24,overcast clouds
445,Catalina Foothills,US,32.2979,-110.9187,74.71,32,34,1.99,scattered clouds
446,Katsuura,JP,35.1333,140.3,68.88,79,100,11.63,overcast clouds
447,Haverfordwest,GB,51.8017,-4.9691,56.05,88,100,1.01,overcast clouds
448,Marathon,US,44.9,-89.7668,55.18,90,75,4.61,broken clouds
449,Papetoai,PF,-17.4961,-149.8729,76.55,80,99,13.98,moderate rain
450,Eureka,US,40.8021,-124.1637,61.2,96,100,7.07,light rain
451,Jalalpur,PK,32.6374,74.2183,107.47,12,0,6.91,haze
452,Isla Vista,US,34.4133,-119.861,63.01,71,0,5.75,clear sky
453,Mae Sot,TH,16.7167,98.5667,74.79,94,92,3.98,overcast clouds
454,Camana,PE,-16.6228,-72.7111,64.13,83,83,5.55,broken clouds
455,Naze,JP,28.3667,129.4833,76.14,85,100,14.43,overcast clouds
456,Manaira,BR,-7.7061,-38.1544,70.12,80,100,8.01,overcast clouds
457,Alyangula,AU,-13.8483,136.4192,77.09,81,100,6.58,overcast clouds
458,Pucallpa,PE,-8.3791,-74.5539,75.24,100,75,2.3,broken clouds
459,Zlobin,HR,45.2924,14.6541,76.68,57,0,5.75,clear sky
460,Kidal,ML,18.4411,1.4078,107.55,4,2,10.47,clear sky
461,Sao Gabriel Da Cachoeira,BR,-0.1303,-67.0892,74.86,90,100,0.78,overcast clouds
462,Sola,VU,-13.8833,167.55,80.49,79,49,20.33,scattered clouds
463,Chimoio,MZ,-19.1164,33.4833,70.7,42,8,11.12,clear sky
464,Arlit,NE,18.7369,7.3853,106.72,5,0,1.25,clear sky
465,Bet Yizhaq,IL,32.3275,34.8888,86.11,52,0,12.88,clear sky
466,Bathsheba,BB,13.2167,-59.5167,86.61,70,40,24.16,scattered clouds
467,Bafoussam,CM,5.4737,10.4179,68.04,83,98,4.79,light rain
468,Beloha,MG,-25.1667,45.05,72.25,63,100,4.59,overcast clouds
469,Kaitangata,NZ,-46.2817,169.8464,44.56,88,98,5.82,overcast clouds
470,Vila Velha,BR,-20.3297,-40.2925,73.35,72,40,13.0,scattered clouds
471,Codrington,AU,-38.2667,141.9667,43.52,94,100,11.3,overcast clouds
472,Jumla,NP,29.2747,82.1838,67.78,39,36,4.92,scattered clouds
473,Jalu,LY,29.0331,21.5482,96.8,16,0,19.69,clear sky
474,Chernyshevskiy,RU,63.0128,112.4714,59.88,62,100,6.58,overcast clouds
475,Isangel,VU,-19.55,169.2667,74.52,79,21,8.66,few clouds
476,Chone,EC,-0.6833,-80.1,72.36,89,100,1.99,overcast clouds
477,Whitehorse,CA,60.7161,-135.0538,50.31,93,100,5.01,overcast clouds
478,Rochegda,RU,62.8,43.25,64.92,58,100,4.05,overcast clouds
479,Wum,CM,6.3833,10.0667,72.09,86,96,3.78,moderate rain
480,San Andres,CO,12.5847,-81.7006,84.22,79,40,5.75,scattered clouds
481,Honiara,SB,-9.4333,159.95,77.27,88,69,8.5,broken clouds
482,Sydney,AU,-33.8679,151.2073,53.22,71,0,12.66,clear sky
483,Sibolga,ID,1.7427,98.7792,77.97,86,100,3.04,overcast clouds
484,La Plata,AR,-34.9215,-57.9545,52.03,88,100,3.13,overcast clouds
485,San Vicente,AR,-26.6167,-54.1333,62.49,79,100,4.18,overcast clouds
486,Tiverton,GB,50.9,-3.4833,59.4,90,75,5.75,haze
487,Wanaka,NZ,-44.7,169.15,46.11,90,100,2.86,overcast clouds
488,Cururupu,BR,-1.8283,-44.8683,82.47,78,99,4.5,overcast clouds
489,Duldurga,RU,50.6761,113.5931,53.98,64,100,2.89,overcast clouds
490,Caravelas,BR,-17.7125,-39.2481,74.62,55,100,12.33,overcast clouds
491,Ardabil,IR,38.2498,48.2933,77.2,39,100,10.8,overcast clouds
492,Tabory,RU,58.5198,64.5495,62.76,30,10,2.57,clear sky
493,Esterhazy,CA,50.65,-102.0843,42.87,82,26,11.34,scattered clouds
494,Pierre,US,44.3683,-100.351,63.05,83,100,6.91,mist
495,Urumqi,CN,43.801,87.6005,76.15,24,0,8.95,clear sky
496,Sebring,US,27.4956,-81.4409,77.76,91,40,5.75,scattered clouds
497,Gulu,UG,2.7746,32.299,87.3,31,96,1.66,overcast clouds
498,Urucara,BR,-2.5364,-57.76,78.91,85,95,1.86,heavy intensity rain
499,Nizhneudinsk,RU,54.9076,99.0276,52.41,66,74,3.49,broken clouds
500,Gornyy,RU,55.1153,83.9059,48.79,71,100,8.21,overcast clouds
501,Plettenberg Bay,ZA,-34.0527,23.3716,65.64,68,7,12.86,clear sky
502,Danilov,RU,58.1908,40.1717,61.57,67,100,6.26,overcast clouds
503,Santiago Del Estero,AR,-27.7951,-64.2615,57.06,68,100,5.75,overcast clouds
504,Rawah,IQ,34.4816,41.9093,104.02,8,100,12.21,overcast clouds
505,Bilibino,RU,68.0546,166.4372,34.77,65,85,5.73,overcast clouds
506,Emba,KZ,48.8264,58.1442,77.04,40,100,7.54,overcast clouds
507,Vila Franca Do Campo,PT,37.7167,-25.4333,66.61,75,100,10.16,overcast clouds
508,Mus,TR,39.0,41.75,84.24,27,0,13.02,clear sky
509,Nivala,FI,63.9167,24.9667,56.68,36,17,11.18,few clouds
510,Voyvozh,RU,62.892,54.9635,67.33,27,98,8.52,overcast clouds
511,Matara,LK,5.9485,80.5353,78.42,88,100,10.04,overcast clouds
512,Kavaratti,IN,10.5669,72.642,83.5,76,100,18.63,overcast clouds
513,Micheweni,TZ,-4.9667,39.8333,74.8,84,100,9.35,light rain
514,Jinchang,CN,38.4953,102.1739,79.0,16,100,5.91,overcast clouds
515,Hanumangarh,IN,29.5833,74.3167,108.82,8,3,7.16,clear sky
516,Thunder Bay,CA,48.4001,-89.3168,48.18,71,20,3.44,few clouds
517,Avera,US,33.194,-82.5271,73.54,55,80,11.39,broken clouds
518,Erdenet,MN,49.0333,104.0833,56.75,43,100,7.56,overcast clouds
519,Ahuimanu,US,21.4447,-157.8378,74.91,81,75,6.91,broken clouds
520,San Policarpo,PH,12.1791,125.5072,79.92,82,43,3.4,scattered clouds
521,Hoquiam,US,46.9809,-123.8893,56.84,96,100,13.8,mist
522,San Rafael,AR,-34.6177,-68.3301,49.1,50,51,3.36,broken clouds
523,Bratsk,RU,56.1325,101.6142,46.89,69,6,4.7,clear sky
524,Norilsk,RU,69.3535,88.2027,36.3,58,35,13.49,scattered clouds
525,Jonuta,MX,18.0833,-92.1333,75.96,86,81,1.19,broken clouds
526,Mormugao,IN,15.4,73.8,85.26,74,20,9.22,few clouds
527,Cherskiy,RU,68.75,161.3,32.88,75,5,13.02,clear sky
528,Lokoja,NG,7.8024,6.743,77.85,73,100,4.83,overcast clouds
529,Dhankuta,NP,26.9833,87.3333,69.84,81,99,3.56,overcast clouds
530,Bogovarovo,RU,58.9785,47.0246,63.64,66,100,4.85,overcast clouds
531,Buraydah,SA,26.326,43.975,109.85,4,0,9.73,clear sky
532,Cesvaine,LV,56.9667,26.3167,68.43,41,88,7.31,overcast clouds
533,Muhos,FI,64.808,25.9931,55.18,37,4,11.45,clear sky
534,Majene,ID,-3.5403,118.9707,78.78,83,61,1.12,broken clouds
535,Tateyama,JP,34.9833,139.8667,72.1,79,100,13.13,overcast clouds
536,Salalah,OM,17.0151,54.0924,87.89,70,0,12.66,clear sky
537,Khandyga,RU,62.6667,135.6,63.39,58,10,3.71,clear sky
538,Saquarema,BR,-22.92,-42.5103,71.74,63,33,6.96,scattered clouds
539,Bulungu,CD,-4.55,18.6,92.48,29,55,6.51,broken clouds
540,Goderich,CA,43.7501,-81.7165,61.92,70,82,10.58,broken clouds
541,Kpandae,GH,8.4689,-0.0113,95.18,38,61,5.21,broken clouds
542,Luganville,VU,-15.5333,167.1667,79.27,80,28,10.36,scattered clouds
543,Haines Junction,CA,60.7522,-137.5108,48.15,76,98,0.0,overcast clouds
544,Mokhsogollokh,RU,61.4681,128.9203,62.49,68,44,3.22,scattered clouds
545,Coruripe,BR,-10.1256,-36.1756,79.41,77,19,11.74,few clouds
546,Saint George,US,37.1041,-113.5841,70.79,34,0,1.99,clear sky
547,Qasigiannguit,GL,68.8193,-51.1922,39.45,61,14,4.92,few clouds
548,Piacabucu,BR,-10.4056,-36.4344,80.8,70,51,9.73,broken clouds
549,Uniara,IN,26.15,75.2167,103.28,10,35,16.73,scattered clouds
550,Fulton,US,33.7668,-84.4499,73.83,71,0,10.36,clear sky
551,Smithers,CA,54.7804,-127.1743,51.3,90,100,3.49,light rain
552,Chalakudi,IN,10.304,76.3361,84.11,84,40,2.3,haze
553,Osmena,PH,10.5208,119.9258,82.51,72,100,2.17,overcast clouds
554,Lagos,NG,6.5833,3.75,86.32,52,42,7.56,scattered clouds
555,Kjollefjord,NO,70.9457,27.3465,48.25,77,85,12.17,overcast clouds
556,Taketa,JP,32.9652,131.3785,63.79,99,100,5.99,moderate rain
557,Korla,CN,41.7597,86.1469,86.16,10,0,9.42,clear sky
558,Lovrenc Na Pohorju,SI,46.5406,15.3931,81.48,70,90,3.4,overcast clouds
559,Aasiaat,GL,68.7098,-52.8699,34.16,67,17,13.53,few clouds
560,Basco,PH,20.4487,121.9702,84.69,82,100,17.81,overcast clouds
561,San Lazaro,BZ,18.0387,-88.6622,76.26,86,100,2.42,overcast clouds
562,Gushikawa,JP,26.3544,127.8686,82.4,94,20,19.57,few clouds
563,Murgab,TM,37.4966,61.9714,96.67,14,0,4.61,clear sky
564,Yashkul,RU,46.1711,45.3435,94.19,14,100,8.41,overcast clouds
565,Adre,TD,13.4667,22.2,99.43,14,16,9.31,few clouds
566,San Cristobal,VE,7.7669,-72.225,68.18,88,96,3.27,overcast clouds
567,Doka,SD,13.5167,35.7667,99.0,20,100,11.5,overcast clouds
568,Port Hardy,CA,50.6996,-127.4199,52.74,96,100,10.07,overcast clouds
569,Pudozh,RU,61.8099,36.5345,63.61,54,12,7.85,few clouds
570,Makakilo City,US,21.3469,-158.0858,73.72,73,0,5.75,clear sky
571,Nouadhibou,MR,20.931,-17.0347,85.98,32,100,21.85,overcast clouds
572,Turangi,NZ,-39.0,175.9333,44.91,95,100,2.66,heavy intensity rain
573,Chany,RU,55.3121,76.7647,47.71,67,100,9.33,overcast clouds
574,Guamuchil,MX,25.4667,-108.1,70.75,81,0,4.12,clear sky
575,Bulaevo,KZ,54.9056,70.4439,59.36,47,53,8.23,broken clouds
576,Tommot,RU,58.9564,126.2925,60.87,71,80,1.95,broken clouds
577,Lewistown,US,40.5992,-77.5714,65.8,74,0,0.0,clear sky
578,Cruzeiro Do Sul,BR,-29.5128,-51.9853,62.51,94,100,1.9,light rain
579,Tessalit,ML,20.1986,1.0114,106.74,5,6,2.28,clear sky
580,Qingdao,CN,36.0986,120.3719,65.8,94,20,13.42,few clouds
581,Barcelos,PT,41.5388,-8.6151,71.92,57,100,8.97,overcast clouds
582,Itapage,BR,-3.6867,-39.5861,77.38,83,19,4.94,few clouds
583,Serebryansk,KZ,49.6925,83.2892,46.87,95,96,15.12,overcast clouds
584,Eyl,SO,7.9803,49.8164,86.72,57,83,21.3,broken clouds
585,Nuuk,GL,64.1835,-51.7216,48.81,53,7,13.8,clear sky
586,Uthal,PK,25.8072,66.6219,90.25,47,9,15.88,clear sky
587,Shenjiamen,CN,29.9576,122.298,70.3,98,100,12.33,overcast clouds
588,Novo Aripuana,BR,-5.1206,-60.3797,79.29,82,95,1.41,overcast clouds
589,Ulaanbaatar,MN,47.9077,106.8832,59.13,31,40,2.24,scattered clouds
590,Port-Gentil,GA,-0.7193,8.7815,82.36,74,40,12.66,scattered clouds
591,Santa Barbara,US,34.7333,-120.0343,55.99,81,0,4.61,clear sky
592,Mehamn,NO,71.0357,27.8492,46.31,78,92,12.84,overcast clouds
593,Anito,PH,12.4497,125.2886,78.33,88,78,3.27,broken clouds
594,Pangody,RU,65.85,74.4859,47.57,29,54,11.27,broken clouds
595,Massaguet,TD,12.4755,15.4365,95.11,30,38,7.85,scattered clouds
596,Helong,CN,42.5397,128.9972,48.99,99,100,3.89,overcast clouds
597,Burgeo,CA,47.6167,-57.6152,49.86,71,4,8.52,clear sky
598,Champerico,GT,14.3,-91.9167,77.54,82,100,4.03,overcast clouds
599,Petrivka,UA,46.9695,30.9591,69.17,63,98,15.41,overcast clouds
600,Bilma,NE,18.6853,12.9164,105.55,7,3,1.12,clear sky
601,Chumikan,RU,54.7183,135.315,41.02,84,30,1.3,scattered clouds
602,Kathmandu,NP,27.7167,85.3167,71.82,88,75,2.3,mist
603,Havelock,US,34.8791,-76.9013,79.99,67,0,12.66,clear sky
604,Grand Forks,US,47.9417,-97.4337,53.33,71,75,10.36,broken clouds
605,Gweru,ZW,-19.45,29.8167,64.6,33,0,14.81,clear sky
606,Brigantine,US,39.4101,-74.3646,69.04,51,0,14.97,clear sky
607,Sungaipenuh,ID,-2.0833,101.3833,66.16,95,100,1.83,overcast clouds
608,Skjervoy,NO,70.0311,20.9714,55.4,62,13,7.18,few clouds
609,Muisne,EC,0.6,-80.0333,75.88,86,100,12.33,overcast clouds
610,Ewa Beach,US,21.3156,-158.0072,75.15,73,0,5.75,clear sky
611,Rayong,TH,12.8333,101.4333,83.08,83,85,3.98,overcast clouds
612,Praia Da Vitoria,PT,38.7333,-27.0667,66.76,72,20,3.53,few clouds
613,Agdam,AZ,39.991,46.9274,91.38,32,6,5.39,clear sky
614,Kolosovka,RU,56.4678,73.611,51.01,63,70,9.71,broken clouds
615,Kailua,US,21.4022,-157.7394,75.18,83,75,6.91,broken clouds
616,Sawakin,SD,19.1059,37.3321,99.07,33,3,10.45,clear sky
617,Damietta,EG,31.4165,31.8133,79.83,59,0,13.82,clear sky
618,Bar Harbor,US,44.3876,-68.2039,62.65,76,20,9.22,few clouds
619,Avdiyivka,UA,48.1399,37.7426,75.99,61,58,9.42,broken clouds
620,Pitsunda,GE,43.1592,40.3378,71.19,85,92,7.7,overcast clouds
621,Narok,KE,-1.0783,35.8601,72.37,42,67,10.58,broken clouds
622,Krasnyy Kholm,RU,58.0607,37.1203,59.36,75,89,7.96,overcast clouds
623,Leh,IN,34.1667,77.5833,59.11,19,16,7.83,few clouds
624,Noumea,NC,-22.2763,166.4572,73.99,99,3,4.63,clear sky
625,Axim,GH,4.8699,-2.2405,83.37,71,100,8.95,light rain
626,Kamaishi,JP,39.2667,141.8833,50.65,91,100,4.63,overcast clouds
627,Zhangye,CN,38.9342,100.4517,79.48,16,100,4.16,overcast clouds
628,Sembe,CG,1.6481,14.5806,84.88,62,31,2.04,light rain
629,Lisakovsk,KZ,52.5369,62.4936,50.11,71,100,9.82,overcast clouds
630,Nishihara,JP,26.1842,127.7558,82.45,94,40,19.57,scattered clouds
631,Shingu,JP,33.7333,135.9833,63.77,93,100,5.91,light rain
632,Irondequoit,US,43.2134,-77.5797,65.88,59,20,5.75,few clouds
633,Punta Gorda,US,26.9298,-82.0454,82.98,81,0,1.01,clear sky
634,Grand-Lahou,CI,5.1367,-5.0242,83.05,71,100,7.85,overcast clouds
635,Waddan,LY,29.1614,16.139,95.38,13,0,8.86,clear sky
636,Rawson,AR,-43.3002,-65.1023,44.74,66,0,9.93,clear sky
637,Gaoual,GN,11.75,-13.2,97.48,40,28,0.83,scattered clouds
638,Laguna,US,38.421,-121.4238,62.56,86,100,6.91,overcast clouds
639,Del Rio,US,29.3627,-100.8968,78.91,69,0,12.66,clear sky
640,Novonikolayevskiy,RU,50.9738,42.3649,73.78,47,100,6.93,overcast clouds
641,Kapuskasing,CA,49.4169,-82.4331,55.49,62,20,4.61,few clouds
642,Dickson,US,36.077,-87.3878,70.72,73,0,4.61,clear sky
643,Lubango,AO,-14.9172,13.4925,71.8,22,15,6.29,few clouds
644,Samarai,PG,-10.6167,150.6667,82.42,80,97,11.95,overcast clouds
645,Quincy,US,42.2529,-71.0023,67.51,51,75,9.22,broken clouds
646,Fengcheng,CN,40.4536,124.0717,61.9,91,100,8.59,overcast clouds
647,Pinega,RU,64.7001,43.3936,64.26,62,100,2.75,overcast clouds
648,Ambilobe,MG,-13.2,49.05,82.18,54,1,9.55,clear sky
649,Hickory,US,35.7332,-81.3412,70.3,71,0,1.99,clear sky
650,Ellensburg,US,46.9965,-120.5479,56.25,95,100,4.61,overcast clouds
651,Boueni,YT,-12.9025,45.0761,84.18,71,50,21.09,scattered clouds
652,Ust-Omchug,RU,61.15,149.6333,54.09,59,5,2.08,clear sky
653,Andujar,ES,38.0392,-4.0508,87.94,19,19,3.22,few clouds
654,Sanandaj,IR,35.3144,46.9923,86.02,13,75,16.11,broken clouds
655,Beira,MZ,-19.8436,34.8389,77.09,69,40,10.36,scattered clouds
656,Roald,NO,62.5833,6.1333,54.91,50,20,6.91,few clouds
657,Ampanihy,MG,-24.7,44.75,70.45,65,100,5.86,overcast clouds
658,Port Augusta,AU,-32.5,137.7667,48.61,68,10,8.66,clear sky
659,Sakata,JP,38.9167,139.855,55.89,82,100,14.47,overcast clouds
660,Khachrod,IN,23.4167,75.2833,100.83,13,12,13.78,few clouds
661,Les Cayes,HT,18.2,-73.75,80.55,83,73,14.07,broken clouds
662,Banda Aceh,ID,5.5577,95.3222,81.54,80,100,9.24,overcast clouds
663,Tabou,CI,4.423,-7.3528,82.81,72,100,6.17,light rain
664,Kabanjahe,ID,3.1001,98.4908,65.07,95,98,0.87,light rain
665,Mweka,CD,-4.85,21.5667,91.26,28,7,4.7,clear sky
666,Venado Tuerto,AR,-33.7456,-61.9688,49.77,64,100,3.29,overcast clouds
667,Monrovia,LR,6.3005,-10.7969,82.15,75,100,5.26,light rain
668,Las Palmas,ES,28.4204,-14.0131,74.19,61,20,21.85,few clouds
669,Hiroshima,JP,34.3963,132.4594,64.44,95,100,8.21,light rain
670,Gamba,GA,-2.65,10.0,79.86,71,21,9.28,few clouds
671,Claremorris,IE,53.7167,-9.0,60.35,67,92,12.75,overcast clouds
672,Tabuk,PH,17.4189,121.4443,76.96,87,100,3.76,overcast clouds
673,Korsakov,RU,46.6328,142.7813,39.04,88,100,8.77,overcast clouds
674,Ilesha,NG,7.1371,5.2583,76.24,73,100,3.13,overcast clouds
675,Batagay,RU,67.6333,134.6333,62.06,59,11,5.48,few clouds
676,Hinesburg,US,44.3292,-73.1107,62.46,59,20,10.36,few clouds
677,Barra Do Garcas,BR,-15.89,-52.2567,82.98,38,0,6.04,clear sky
678,Zhanaozen,KZ,43.3,52.8,91.08,13,100,13.73,overcast clouds
679,Breukelen,NL,52.1742,5.0014,71.19,80,100,3.69,light rain
680,Alta Floresta,BR,-9.8756,-56.0861,78.62,73,0,1.14,clear sky
681,Itumba,TZ,-9.4,33.1833,72.41,45,46,8.57,scattered clouds
682,Istok,XK,42.7808,20.4875,85.96,44,4,3.44,clear sky
683,Alekseyevka,RU,50.6309,38.6903,71.11,55,100,7.85,overcast clouds
684,Bom Jesus,BR,-9.0744,-44.3586,86.54,34,27,9.26,scattered clouds
685,Pajapan,MX,18.25,-94.7,68.16,80,60,0.87,broken clouds
686,Tura,IN,25.5198,90.2201,75.43,96,21,3.02,few clouds
687,Kaitong,CN,44.8135,123.15,54.81,90,97,18.5,overcast clouds
688,Bundaberg,AU,-24.85,152.35,60.22,86,44,8.01,scattered clouds
689,Santa Cruz,BO,-17.8,-63.1667,72.86,78,40,17.27,scattered clouds
690,Nadterechnoye,RU,43.6227,45.3397,92.28,39,96,5.41,overcast clouds
691,Turka,UA,49.1541,23.0297,64.4,70,25,10.47,scattered clouds
692,Saint-Pierre,RE,-21.3393,55.4781,76.68,65,20,9.22,few clouds
693,Gulmarg,IN,34.049,74.3921,66.2,39,72,3.09,broken clouds
694,Kaoma,ZM,-14.7833,24.8,74.68,29,5,11.9,clear sky
695,Gien,FR,47.6933,2.6309,71.44,47,39,17.65,scattered clouds
696,Erzincan,TR,39.75,39.5,87.1,16,0,6.91,clear sky
697,Evensk,RU,61.95,159.2333,41.63,94,100,1.95,overcast clouds
698,Svetlogorsk,BY,52.6333,29.7333,69.51,54,100,3.85,overcast clouds
